{"accuracy": 0.978844165802002, "precision": 0.9792208062050062, "recall": 0.9788441692466461, "f1_score": 0.9788552309985733}