{"accuracy": 0.9917440414428711, "precision": 0.991921459579247, "recall": 0.9917440660474717, "f1_score": 0.9917462958470399}